vault_name,current_loan,loan_ceil,timestamp,utilization,fee,amount_coin_locked
PSM-USDC-A,3113330704.85,4112462213.56,7/25/2021 10:42:42 AM,0.757,0.10%,3113330705.0
ETH-A,1398361819.29,1485680673.07,7/25/2021 10:42:42 AM,0.9412,2.00%,2022905.0
ETH-B,30330854.43,43108988.49,7/25/2021 10:42:42 AM,0.7036,6.00%,26271.0
ETH-C,178469446.21,278175509.39,7/26/2021 2:44:12 AM,0.6416,0.50%,346807.0
BAT-A,1762765.29,2762701.54,7/26/2021 2:44:12 AM,0.6381,4.00%,10465155.0
WBTC-A,207853117.08,236609641.87,7/26/2021 12:04:15 PM,0.8785,2.00%,15189.0
ZRX-A,1409487.93,1909436.96,7/26/2021 2:44:12 AM,0.7382,4.00%,8395307.0
MANA-A,1497775.97,2497735.16,7/26/2021 2:44:12 AM,0.5997,3.00%,17497302.0
COMP-A,67585.28,2067584.66,7/26/2021 2:44:12 AM,0.0327,1.00%,850.0
LRC-A,875897.81,1372366.23,7/26/2021 2:44:12 AM,0.6382,4.00%,15284992.0
LINK-A,32687717.84,39476513.48,7/26/2021 2:44:12 AM,0.828,1.00%,6539745.0
BAL-A,171043.57,3171042.0,7/26/2021 2:44:12 AM,0.0539,1.00%,29043.0
YFI-A,19510900.75,25925271.52,7/26/2021 1:03:36 PM,0.7526,1.00%,4243.0
UNI-A,3724954.73,8611092.83,7/26/2021 11:58:38 AM,0.4326,1.00%,651567.0
RENBTC-A,2712277.53,3704129.47,7/26/2021 2:44:12 AM,0.7322,2.00%,292.0
AAVE-A,1322544.34,6317529.21,7/26/2021 2:44:12 AM,0.2093,1.00%,18321.0
UNIV2DAIETH-A,24532333.19,29531996.43,7/26/2021 2:44:12 AM,0.8307,1.50%,273661.0
UNIV2WBTCETH-A,9854025.19,12853845.28,7/26/2021 2:44:12 AM,0.7666,2.00%,0.01058052
UNIV2USDCETH-A,6382527.8,11382411.27,7/26/2021 2:44:12 AM,0.5607,2.00%,0.09742585
UNIV2DAIUSDC-A,49544663.52,50000000.0,7/22/2021 6:39:28 PM,0.9909,0.00%,22.63485779
UNIV2ETHUSDT-A,6526.6,2006526.48,7/26/2021 2:44:12 AM,0.0033,2.00%,0.00012
UNIV2LINKETH-A,49669.55,2049668.2,7/26/2021 2:44:12 AM,0.0242,3.00%,302.0
UNIV2UNIETH-A,7990143.37,10989997.49,7/26/2021 2:44:12 AM,0.727,2.00%,23756.0
UNIV2WBTCDAI-A,216816.33,3216816.33,6/24/2021 4:47:02 PM,0.0674,0.00%,0.00906101
UNIV2AAVEETH-A,0.0,2000000.0,1/1/1970 9:00:00 AM,0.0,3.00%,0.24975674
UNIV2DAIUSDT-A,0.0,2000000.0,1/1/1970 9:00:00 AM,0.0,2.00%,0.0
PSM-USDC-A,3116751378.63,4113330704.85,7/26/2021 6:39:50 PM,0.7576999999999999,0.10%,3116751379.0
ETH-A,1394200548.84,1500977379.16,7/26/2021 6:39:50 PM,0.9289,2.00%,2010387.0
ETH-B,31997937.96,40684271.3,7/25/2021 10:42:42 AM,0.7865000000000001,6.00%,26644.0
ETH-C,178558311.76,278467336.93,7/27/2021 3:04:50 AM,0.6412,0.50%,346719.0
BAT-A,1762891.01,2762827.82,7/26/2021 6:39:50 PM,0.6381,4.00%,10465155.0
WBTC-A,211508977.78,239758572.11,7/27/2021 5:03:51 AM,0.8822,2.00%,15181.0
ZRX-A,1409588.45,1909537.93,7/26/2021 6:39:50 PM,0.7382,4.00%,8395307.0
MANA-A,1497856.48,2497816.02,7/26/2021 6:39:50 PM,0.5997,3.00%,17497302.0
COMP-A,67586.5,2067585.89,7/26/2021 6:39:50 PM,0.0327,1.00%,850.0
LRC-A,875960.28,1375928.89,7/26/2021 6:39:50 PM,0.6365999999999999,4.00%,15284992.0
LINK-A,32716317.28,39726539.62,7/26/2021 6:39:50 PM,0.8234999999999999,1.00%,6541021.0
BAL-A,171046.66,3171045.11,7/26/2021 6:39:50 PM,0.0538999999999999,1.00%,29043.0
YFI-A,19492215.93,26492038.69,7/27/2021 12:05:41 AM,0.7358,1.00%,4243.0
UNI-A,3987423.99,8725004.85,7/27/2021 12:55:37 AM,0.457,1.00%,680638.0
RENBTC-A,2787361.21,3783310.79,7/26/2021 6:39:50 PM,0.7368000000000001,2.00%,293.0
AAVE-A,1327999.56,6329553.22,7/26/2021 6:39:50 PM,0.2098,1.00%,18337.0
UNIV2DAIETH-A,24521887.16,29532663.56,7/26/2021 6:39:50 PM,0.8303,1.50%,273521.0
UNIV2WBTCETH-A,9854380.02,12854201.69,7/26/2021 6:39:50 PM,0.7666,2.00%,0.01058052
UNIV2USDCETH-A,6362328.89,11362213.75,7/26/2021 2:44:12 AM,0.56,2.00%,0.09729585
UNIV2ETHUSDT-A,6526.84,2006526.72,7/26/2021 6:39:50 PM,0.0033,2.00%,0.00012
UNIV2LINKETH-A,49672.22,2049670.88,7/26/2021 6:39:50 PM,0.0242,3.00%,302.0
UNIV2UNIETH-A,7990431.08,10990286.49,7/26/2021 6:39:50 PM,0.727,2.00%,23756.0
ETH-A,1394184957.84,1494186957.84,7/26/2021 6:39:50 PM,0.9331,2.00%,2010374.0
ETH-B,31998895.64,41998895.64,7/27/2021 10:43:43 AM,0.7619,6.00%,27002.0
ETH-C,178558579.42,278467336.93,7/27/2021 3:04:50 AM,0.6412,0.50%,346719.0
BAT-A,1762954.67,2762954.67,7/27/2021 10:43:43 AM,0.6381,4.00%,10465155.0
WBTC-A,211510395.84,239758572.11,7/27/2021 5:03:51 AM,0.8822,2.00%,15181.0
ZRX-A,1409639.36,1909639.36,7/27/2021 10:43:43 AM,0.7382,4.00%,8395307.0
MANA-A,1497897.25,2497897.25,7/27/2021 10:43:43 AM,0.5997,3.00%,17497302.0
COMP-A,67587.12,2067587.12,7/27/2021 10:43:43 AM,0.0327,1.00%,850.0
LRC-A,875991.92,1375991.92,7/27/2021 10:43:43 AM,0.6365999999999999,4.00%,15284992.0
LINK-A,32716329.42,39716329.42,7/26/2021 6:39:50 PM,0.8238,1.00%,6541021.0
BAL-A,171048.23,3171048.23,7/27/2021 10:43:43 AM,0.0538999999999999,1.00%,29043.0
YFI-A,19492394.53,26492394.53,7/27/2021 10:43:43 AM,0.7358,1.00%,4243.0
UNI-A,3987460.53,8987460.53,7/27/2021 10:43:43 AM,0.4437,1.00%,680638.0
RENBTC-A,2787412.04,3787412.04,7/27/2021 10:43:43 AM,0.736,2.00%,293.0
AAVE-A,1328011.72,6328011.72,7/26/2021 6:39:50 PM,0.2098999999999999,1.00%,18337.0
UNIV2DAIETH-A,24522223.35,29522223.35,7/26/2021 6:39:50 PM,0.8306,1.50%,273521.0
UNIV2WBTCETH-A,9854559.71,12854559.71,7/27/2021 10:43:43 AM,0.7666,2.00%,0.01058052
UNIV2USDCETH-A,6362444.9,11362444.9,7/27/2021 10:43:43 AM,0.56,2.00%,0.09729585
UNIV2ETHUSDT-A,6526.96,2006526.96,7/27/2021 10:43:43 AM,0.0033,2.00%,0.00012
UNIV2LINKETH-A,49673.57,2049673.57,7/27/2021 10:43:43 AM,0.0242,3.00%,302.0
UNIV2UNIETH-A,7990576.79,10990576.79,7/27/2021 10:43:43 AM,0.727,2.00%,23756.0
ETH-A,1394182603.24,1494186957.84,7/26/2021 6:39:50 PM,0.9331,2.00%,2010372.0
LINK-A,32710355.29,39716329.42,7/26/2021 6:39:50 PM,0.8236,1.00%,6541021.0
AAVE-A,1323011.72,6328011.72,7/26/2021 6:39:50 PM,0.2091,1.00%,18337.0
ETH-A,1394203644.16,1494186957.84,7/26/2021 6:39:50 PM,0.9331,2.00%,2010386.0
LINK-A,32707364.03,39716329.42,7/26/2021 6:39:50 PM,0.8234999999999999,1.00%,6540845.0
UNI-A,3924475.87,8987460.53,7/27/2021 10:43:43 AM,0.4367,1.00%,680638.0
PSM-USDC-A,3129077261.87,4113330704.85,7/26/2021 6:39:50 PM,0.7606999999999999,0.10%,3129077262.0
ETH-A,1384027426.47,1494186957.84,7/26/2021 6:39:50 PM,0.9263,2.00%,2010353.0
ETH-B,31755636.93,41998895.64,7/27/2021 10:43:43 AM,0.7561,6.00%,26904.0
ETH-C,178551301.63,278467336.93,7/27/2021 3:04:50 AM,0.6412,0.50%,346735.0
WBTC-A,211534706.23,239758572.11,7/27/2021 5:03:51 AM,0.8823000000000001,2.00%,15181.0
YFI-A,18962816.57,26492394.53,7/27/2021 10:43:43 AM,0.7158,1.00%,4243.0
UNI-A,3857236.65,8924484.81,7/27/2021 10:43:43 AM,0.4322,1.00%,680638.0
UNIV2USDCETH-A,7808701.85,11362444.9,7/27/2021 10:43:43 AM,0.6872,2.00%,0.11922789
ETH-B,31816721.85,41998895.64,7/27/2021 10:43:43 AM,0.7576,6.00%,26904.0
ETH-C,176901202.22,278467336.93,7/27/2021 3:04:50 AM,0.6353,0.50%,344518.0
LINK-A,32761593.47,39716329.42,7/26/2021 6:39:50 PM,0.8249,1.00%,6542094.0
UNIV2LINKETH-A,49673.57,2049673.57,7/27/2021 10:43:43 AM,0.0242,3.00%,288.0
PSM-USDC-A,3129719758.52,4129467730.69,7/27/2021 6:40:32 PM,0.7579,0.10%,3129719759.0
ETH-A,1384451806.97,1484061656.84,7/26/2021 6:39:50 PM,0.9329,2.00%,2010301.0
ETH-B,31892742.24,41817123.02,7/27/2021 10:43:43 AM,0.7626999999999999,6.00%,26937.0
ETH-C,176914765.93,276888540.01,7/27/2021 3:04:50 AM,0.6389,0.50%,344458.0
BAT-A,1763017.3,2762954.67,7/27/2021 10:43:43 AM,0.6381,4.00%,10465155.0
WBTC-A,211520203.32,241544082.63,7/27/2021 6:40:32 PM,0.8756999999999999,2.00%,15181.0
ZRX-A,1409689.44,1909639.36,7/27/2021 10:43:43 AM,0.7382,4.00%,8395307.0
MANA-A,1497937.35,2497897.25,7/27/2021 10:43:43 AM,0.5997,3.00%,17497302.0
COMP-A,67587.73,2067587.12,7/27/2021 10:43:43 AM,0.0327,1.00%,850.0
LRC-A,876023.04,1375991.92,7/27/2021 10:43:43 AM,0.6365999999999999,4.00%,15284992.0
LINK-A,32761658.92,39761658.92,7/27/2021 6:40:32 PM,0.8240000000000001,1.00%,6542094.0
BAL-A,171049.77,3171048.23,7/27/2021 10:43:43 AM,0.0538999999999999,1.00%,29043.0
YFI-A,18962915.84,25962915.84,7/27/2021 10:43:43 AM,0.7304,1.00%,4243.0
UNI-A,3857261.28,8857261.28,7/27/2021 10:43:43 AM,0.4355,1.00%,680638.0
RENBTC-A,2787462.03,3787412.04,7/27/2021 10:43:43 AM,0.736,2.00%,293.0
AAVE-A,1323023.65,6323023.65,7/26/2021 6:39:50 PM,0.2092,1.00%,18337.0
UNIV2DAIETH-A,24522554.05,29522554.05,7/27/2021 6:40:32 PM,0.8306,1.50%,273521.0
UNIV2WBTCETH-A,9854736.47,12854559.71,7/27/2021 10:43:43 AM,0.7666,2.00%,0.01058052
UNIV2USDCETH-A,7808803.11,11362444.9,7/27/2021 10:43:43 AM,0.6872,2.00%,0.11922789
UNIV2ETHUSDT-A,6527.07,2006526.96,7/27/2021 10:43:43 AM,0.0033,2.00%,0.00012
UNIV2LINKETH-A,49674.9,2049673.57,7/27/2021 10:43:43 AM,0.0242,3.00%,288.0
UNIV2UNIETH-A,7990720.11,10990576.79,7/27/2021 10:43:43 AM,0.7271,2.00%,23756.0
PSM-USDC-A,3147789083.86,4129467730.69,7/27/2021 6:40:32 PM,0.7623000000000001,0.10%,3147789084.0
ETH-A,1386380211.4,1486357830.77,7/28/2021 10:44:55 AM,0.9327,2.00%,2011853.0
ETH-B,30285377.94,40235295.71,7/28/2021 2:39:29 AM,0.7526999999999999,6.00%,26231.0
ETH-C,176875199.27,276875199.27,7/28/2021 10:44:55 AM,0.6388,0.50%,344394.0
BAT-A,1763143.97,2763143.97,7/28/2021 10:44:55 AM,0.6381,4.00%,10465155.0
WBTC-A,211759806.52,241757573.55,7/28/2021 10:44:55 AM,0.8759,2.00%,15182.0
ZRX-A,1409790.72,1909790.72,7/28/2021 10:44:55 AM,0.7382,4.00%,8395307.0
MANA-A,1498018.46,2498018.46,7/28/2021 10:44:55 AM,0.5997,3.00%,17497302.0
COMP-A,70088.98,2070088.98,7/28/2021 10:44:55 AM,0.0339,1.00%,850.0
LRC-A,876085.98,1376085.98,7/28/2021 10:44:55 AM,0.6367,4.00%,15284992.0
LINK-A,32775756.27,39775756.27,7/28/2021 10:44:55 AM,0.8240000000000001,1.00%,6543062.0
BAL-A,171052.89,3171052.89,7/28/2021 10:44:55 AM,0.0538999999999999,1.00%,29043.0
YFI-A,18962089.65,25962089.65,7/28/2021 10:44:55 AM,0.7304,1.00%,4243.0
UNI-A,3857331.59,8857331.59,7/28/2021 10:44:55 AM,0.4355,1.00%,680638.0
RENBTC-A,2787563.15,3787563.15,7/28/2021 10:44:55 AM,0.736,2.00%,293.0
AAVE-A,1333047.88,6333047.88,7/28/2021 10:44:55 AM,0.2105,1.00%,18356.0
UNIV2DAIETH-A,24523222.88,29523222.88,7/28/2021 10:44:55 AM,0.8306,1.50%,273521.0
UNIV2WBTCETH-A,9855093.96,12855093.96,7/28/2021 10:44:55 AM,0.7666,2.00%,0.01058052
UNIV2USDCETH-A,7814501.52,12814501.52,7/28/2021 10:44:55 AM,0.6098,2.00%,0.11922789
UNIV2ETHUSDT-A,6527.31,2006527.31,7/28/2021 10:44:55 AM,0.0033,2.00%,0.00012
UNIV2LINKETH-A,49677.59,2049677.59,7/28/2021 10:44:55 AM,0.0242,3.00%,288.0
UNIV2UNIETH-A,7991009.98,10991009.98,7/28/2021 10:44:55 AM,0.727,2.00%,23756.0
PSM-USDC-A,3162859422.78,4158944477.22,7/29/2021 2:39:53 AM,0.7605,0.10%,3162859423.0
ETH-A,1385990081.7,1486853402.54,7/29/2021 2:39:53 AM,0.9322,2.00%,2011964.0
ETH-B,33504961.56,42099000.09,7/29/2021 2:39:53 AM,0.7959,6.00%,27930.0
ETH-C,177433468.74,276845060.0,7/28/2021 10:44:55 AM,0.6409,0.50%,345745.0
BAT-A,1762816.6,2762753.48,7/28/2021 10:44:55 AM,0.6381,4.00%,10458903.0
WBTC-A,218903522.86,248500845.37,7/29/2021 2:39:53 AM,0.8809,2.00%,15496.0
ZRX-A,1409941.87,1909891.38,7/29/2021 2:39:53 AM,0.7382,4.00%,8395307.0
MANA-A,1498139.5,2498099.07,7/29/2021 2:39:53 AM,0.5997,3.00%,17497302.0
COMP-A,70090.88,2070090.25,7/29/2021 2:39:53 AM,0.0339,1.00%,850.0
LRC-A,876179.91,1376148.53,7/29/2021 2:39:53 AM,0.6367,4.00%,15284992.0
LINK-A,32761693.82,39763396.16,7/28/2021 10:44:55 AM,0.8239,1.00%,6541939.0
BAL-A,171057.54,3171055.99,7/29/2021 2:39:53 AM,0.0538999999999999,1.00%,29043.0
YFI-A,19074413.22,25614463.02,7/29/2021 2:39:53 AM,0.7447,1.00%,4233.0
UNI-A,3834533.3,8847695.59,7/28/2021 10:44:55 AM,0.4334,1.00%,677065.0
RENBTC-A,2797714.44,3797663.85,7/29/2021 2:39:53 AM,0.7367,2.00%,294.0
AAVE-A,1333084.14,6333072.03,7/29/2021 2:39:53 AM,0.2105,1.00%,18356.0
UNIV2DAIETH-A,24524220.92,29523887.54,7/29/2021 2:39:53 AM,0.8306999999999999,1.50%,273521.0
UNIV2WBTCETH-A,9855627.42,12855449.23,7/29/2021 2:39:53 AM,0.7666,2.00%,0.01058052
UNIV2USDCETH-A,7814924.53,12814783.23,7/29/2021 2:39:53 AM,0.6098,2.00%,0.11922789
UNIV2ETHUSDT-A,6527.66,2006527.55,7/29/2021 2:39:53 AM,0.0033,2.00%,0.00012
UNIV2LINKETH-A,34468.41,2049680.27,7/29/2021 2:39:53 AM,0.0168,3.00%,182.0
UNIV2UNIETH-A,7991442.54,10991298.05,7/29/2021 2:39:53 AM,0.7271,2.00%,23756.0
ETH-A,1386044174.09,1486853402.54,7/29/2021 2:39:53 AM,0.9322,2.00%,2011921.0
WBTC-A,218912788.86,248500845.37,7/29/2021 2:39:53 AM,0.8809,2.00%,15496.0
LINK-A,32762955.21,39763396.16,7/28/2021 10:44:55 AM,0.8239,1.00%,6542000.0
UNI-A,3834533.3,8847695.59,7/28/2021 10:44:55 AM,0.4334,1.00%,676420.0
PSM-USDC-A,3173043931.77,4173043931.77,7/30/2021 10:43:04 AM,0.7604000000000001,0.10%,3173043932.0
ETH-A,1387373438.41,1487394333.52,7/30/2021 10:43:04 AM,0.9328,2.00%,2011593.0
ETH-B,33797160.79,43591989.85,7/29/2021 6:40:22 PM,0.7753,6.00%,27534.0
ETH-C,176382770.61,276382770.61,7/29/2021 6:40:22 PM,0.6382,0.50%,344193.0
BAT-A,1763006.48,2763006.48,7/30/2021 10:43:04 AM,0.6381,4.00%,10458903.0
WBTC-A,210601652.63,240286204.86,7/30/2021 10:43:04 AM,0.8765000000000001,2.00%,15108.0
ZRX-A,1410093.74,1910093.74,7/30/2021 10:43:04 AM,0.7382,4.00%,8395307.0
MANA-A,1498261.12,2498261.12,7/30/2021 10:43:04 AM,0.5997,3.00%,17497302.0
COMP-A,70092.8,2070092.8,7/30/2021 10:43:04 AM,0.0339,1.00%,850.0
LRC-A,876274.28,1376274.28,7/30/2021 10:43:04 AM,0.6367,4.00%,15284992.0
LINK-A,32813800.45,39813800.45,7/30/2021 10:43:04 AM,0.8242,1.00%,6544640.0
BAL-A,171062.21,3171062.21,7/30/2021 10:43:04 AM,0.0538999999999999,1.00%,29043.0
YFI-A,11265016.47,18265016.47,7/30/2021 10:43:04 AM,0.6168,1.00%,3701.0
UNI-A,2258754.5,7254346.24,7/30/2021 10:43:04 AM,0.3114,1.00%,480352.0
RENBTC-A,2771365.99,3771365.99,7/29/2021 6:40:22 PM,0.7348,2.00%,291.0
AAVE-A,1341122.37,6333120.57,7/30/2021 10:43:04 AM,0.2118,1.00%,18372.0
UNIV2DAIETH-A,24525223.64,29525223.64,7/30/2021 10:43:04 AM,0.8306999999999999,1.50%,273521.0
UNIV2WBTCETH-A,9856163.39,12856163.39,7/30/2021 10:43:04 AM,0.7666,2.00%,0.01058052
UNIV2USDCETH-A,7815349.52,12815349.52,7/30/2021 10:43:04 AM,0.6098,2.00%,0.11922789
UNIV2DAIUSDC-A,49747663.52,50000000.0,7/22/2021 6:39:28 PM,0.995,0.00%,22.72764727
UNIV2ETHUSDT-A,6528.02,2006528.02,7/30/2021 10:43:04 AM,0.0033,2.00%,0.00012
UNIV2LINKETH-A,34471.2,2034471.2,7/30/2021 10:43:04 AM,0.0169,3.00%,182.0
UNIV2UNIETH-A,7991877.13,10991877.13,7/30/2021 10:43:04 AM,0.7271,2.00%,23756.0
PSM-USDC-A,3182111717.21,4173043931.77,7/30/2021 10:43:04 AM,0.7625,0.10%,3182111717.0
ETH-A,1390754373.8,1487873344.41,7/31/2021 2:41:39 AM,0.9347,2.00%,2011775.0
ETH-B,34163334.7,44692965.24,7/31/2021 2:41:39 AM,0.7644,6.00%,27840.0
ETH-C,174383090.52,274383090.52,7/31/2021 10:39:41 AM,0.6355,0.50%,341062.0
BAT-A,1763195.49,2763132.58,7/31/2021 2:41:39 AM,0.6381,4.00%,10458903.0
WBTC-A,211225042.2,240509302.87,7/31/2021 2:41:39 AM,0.8782,2.00%,15132.0
ZRX-A,1410244.92,1910194.6,7/31/2021 2:41:39 AM,0.7383,4.00%,8395307.0
MANA-A,1498382.18,2498341.88,7/31/2021 2:41:39 AM,0.5998,3.00%,17497302.0
COMP-A,70094.7,2070094.07,7/31/2021 2:41:39 AM,0.0339,1.00%,850.0
LRC-A,876368.23,1376336.96,7/31/2021 2:41:39 AM,0.6367,4.00%,15284992.0
LINK-A,32881632.44,39833375.39,7/31/2021 2:41:39 AM,0.8255,1.00%,6545381.0
BAL-A,171066.87,3171065.32,7/31/2021 2:41:39 AM,0.0538999999999999,1.00%,29043.0
YFI-A,18265386.84,25265386.84,7/31/2021 10:39:41 AM,0.7229000000000001,1.00%,4587.0
UNI-A,2246661.65,7244641.33,7/31/2021 2:41:39 AM,0.3101,1.00%,478484.0
RENBTC-A,2788871.8,3781466.31,7/31/2021 2:41:39 AM,0.7375,2.00%,292.0
AAVE-A,1376157.23,6341144.89,7/31/2021 2:41:39 AM,0.217,1.00%,18397.0
UNIV2DAIETH-A,24526221.75,29525889.55,7/31/2021 2:41:39 AM,0.8306999999999999,1.50%,273521.0
UNIV2WBTCETH-A,9856696.9,12856519.33,7/31/2021 2:41:39 AM,0.7667,2.00%,0.01058052
UNIV2USDCETH-A,6495439.74,11495322.72,7/31/2021 2:41:39 AM,0.5650999999999999,2.00%,0.10371052
UNIV2ETHUSDT-A,6528.37,2006528.26,7/31/2021 2:41:39 AM,0.0033,2.00%,0.00012
UNIV2LINKETH-A,34473.99,2034473.06,7/31/2021 2:41:39 AM,0.0169,3.00%,182.0
UNIV2UNIETH-A,7998309.9,10998165.81,7/31/2021 2:41:39 AM,0.7272,2.00%,23783.0
PSM-USDC-A,3199247890.75,4187449410.33,7/31/2021 6:42:37 PM,0.764,0.10%,3199247891.0
ETH-A,1403172431.46,1496167025.2,8/1/2021 10:40:22 AM,0.9378,2.00%,2013028.0
ETH-B,33675969.68,43823091.66,7/31/2021 2:41:39 AM,0.7685,6.00%,26671.0
ETH-C,173057088.23,272906651.53,8/1/2021 10:40:22 AM,0.6341,0.50%,338329.0
BAT-A,1763448.12,2763385.07,8/1/2021 10:40:22 AM,0.6381,4.00%,10458903.0
WBTC-A,212339824.46,241352363.31,8/1/2021 6:50:02 AM,0.8798,2.00%,15101.0
ZRX-A,1410446.97,1910396.54,8/1/2021 10:40:22 AM,0.7383,4.00%,8395307.0
MANA-A,1498543.97,2498503.59,8/1/2021 10:40:22 AM,0.5998,3.00%,17497302.0
COMP-A,70097.25,2070096.62,8/1/2021 10:40:22 AM,0.0339,1.00%,850.0
LRC-A,876493.79,1376462.45,8/1/2021 10:40:22 AM,0.6368,4.00%,15284992.0
LINK-A,33706237.74,39997866.35,8/1/2021 10:40:22 AM,0.8427,1.00%,6550973.0
BAL-A,171073.09,3171071.53,8/1/2021 10:40:22 AM,0.0538999999999999,1.00%,29043.0
YFI-A,25346094.0,25345886.59,8/1/2021 10:40:22 AM,1.0,1.00%,4589.0
UNI-A,2344093.29,7354573.75,8/1/2021 10:40:22 AM,0.3187,1.00%,486295.0
RENBTC-A,2796073.72,3791023.29,8/1/2021 10:40:22 AM,0.7376,2.00%,292.0
AAVE-A,1380993.28,6392194.82,8/1/2021 10:40:22 AM,0.216,1.00%,18403.0
UNIV2DAIETH-A,24670228.8,29519895.51,7/31/2021 6:42:37 PM,0.8356999999999999,1.50%,275751.0
UNIV2WBTCETH-A,9857409.92,12857231.97,8/1/2021 10:40:22 AM,0.7667,2.00%,0.01058052
UNIV2USDCETH-A,6547911.06,11547792.85,8/1/2021 10:40:22 AM,0.5670000000000001,2.00%,0.10371052
UNIV2DAIUSDC-A,49751221.98,50000000.0,7/22/2021 6:39:28 PM,0.995,0.00%,22.72764727
UNIV2ETHUSDT-A,6528.85,2006528.73,8/1/2021 10:40:22 AM,0.0033,2.00%,0.00012
UNIV2LINKETH-A,34477.71,2034476.78,8/1/2021 10:40:22 AM,0.0169,3.00%,182.0
UNIV2UNIETH-A,7998888.49,10998744.09,8/1/2021 10:40:22 AM,0.7273000000000001,2.00%,23783.0
PSM-USDC-A,3203611063.2,4201204647.07,8/2/2021 2:45:40 AM,0.7625,0.10%,3203611063.0
ETH-A,1406365393.01,1500964698.41,8/2/2021 2:45:40 AM,0.937,2.00%,2009682.0
ETH-B,31709308.43,41709308.43,7/31/2021 2:41:39 AM,0.7602,6.00%,25950.0
ETH-C,177425507.43,277417001.06,8/2/2021 10:07:45 AM,0.6396000000000001,0.50%,344676.0
BAT-A,1763574.52,2763511.91,8/2/2021 2:45:40 AM,0.6382,4.00%,10458903.0
WBTC-A,205055228.92,235060244.39,8/2/2021 2:45:40 AM,0.8724,2.00%,14804.0
ZRX-A,1410548.07,1910498.0,8/2/2021 2:45:40 AM,0.7383,4.00%,8395307.0
MANA-A,1498624.92,2498584.83,8/2/2021 2:45:40 AM,0.5998,3.00%,17497302.0
COMP-A,70098.53,2070097.9,8/2/2021 2:45:40 AM,0.0339,1.00%,850.0
LRC-A,876556.62,1376525.5,8/2/2021 2:45:40 AM,0.6368,4.00%,15284992.0
LINK-A,33804122.83,40748547.2,8/2/2021 2:45:40 AM,0.8295999999999999,1.00%,6553932.0
BAL-A,171076.2,3171074.66,8/2/2021 2:45:40 AM,0.0538999999999999,1.00%,29043.0
YFI-A,25356654.93,32346326.62,8/2/2021 2:45:40 AM,0.7839,1.00%,4590.0
UNI-A,2395972.6,7344114.89,8/2/2021 2:45:51 AM,0.3262,1.00%,488680.0
RENBTC-A,2796174.92,3796124.8,8/2/2021 2:45:40 AM,0.7365999999999999,2.00%,292.0
AAVE-A,1394018.41,6394018.41,8/2/2021 10:40:10 AM,0.218,1.00%,18566.0
UNIV2DAIETH-A,24670900.09,29670567.6,8/2/2021 2:45:40 AM,0.8315,1.50%,275751.0
UNIV2WBTCETH-A,9857766.67,12857589.97,8/2/2021 2:45:40 AM,0.7667,2.00%,0.01058052
UNIV2USDCETH-A,6548148.04,11548030.66,8/2/2021 2:45:40 AM,0.5670000000000001,2.00%,0.10371052
UNIV2DAIUSDC-A,49752002.25,50000000.0,7/22/2021 6:39:28 PM,0.995,0.00%,22.72764727
UNIV2ETHUSDT-A,6529.08,2006528.96,8/2/2021 2:45:40 AM,0.0033,2.00%,0.00012
UNIV2LINKETH-A,34479.58,2034478.65,8/2/2021 2:45:40 AM,0.0169,3.00%,182.0
UNIV2UNIETH-A,7999177.98,10999034.59,8/2/2021 2:45:40 AM,0.7273000000000001,2.00%,23783.0
PSM-USDC-A,3208281781.34,4208281781.34,8/3/2021 10:48:54 AM,0.7624,0.10%,3208281781.0
ETH-A,1407518811.05,1507484832.81,8/3/2021 2:40:19 AM,0.9337,2.00%,1960552.0
ETH-B,31950161.58,41995425.86,8/3/2021 10:48:54 AM,0.7608,6.00%,26115.0
ETH-C,179715257.06,279715257.06,8/3/2021 10:48:54 AM,0.6425,0.50%,347768.0
BAT-A,1763764.6,2763764.6,8/3/2021 10:48:54 AM,0.6382,4.00%,10458903.0
WBTC-A,209497954.06,239447631.31,8/3/2021 10:48:54 AM,0.8748999999999999,2.00%,14812.0
ZRX-A,1410700.1,1910700.1,8/3/2021 10:48:54 AM,0.7383,4.00%,8395307.0
MANA-A,1498746.65,2498746.65,8/3/2021 10:48:54 AM,0.5998,3.00%,17497302.0
COMP-A,70100.44,2070100.44,8/3/2021 10:48:54 AM,0.0339,1.00%,850.0
LRC-A,876651.09,1376651.09,8/3/2021 10:48:54 AM,0.6368,4.00%,15284992.0
LINK-A,33905993.2,40909862.79,8/3/2021 10:48:54 AM,0.8288,1.00%,6558540.0
BAL-A,171080.87,3171080.87,8/3/2021 10:48:54 AM,0.054,1.00%,29043.0
YFI-A,39404971.84,39409135.42,8/3/2021 10:48:54 AM,0.9999,1.00%,5484.0
UNI-A,2435445.17,7435445.17,8/3/2021 10:48:54 AM,0.3275,1.00%,490512.0
RENBTC-A,2801197.27,3801197.27,8/3/2021 10:48:54 AM,0.7369,2.00%,292.0
AAVE-A,1401056.6,6401056.6,8/3/2021 10:48:54 AM,0.2189,1.00%,18588.0
UNIV2DAIETH-A,24676909.58,29676909.58,8/3/2021 10:48:54 AM,0.8315,1.50%,275751.0
UNIV2WBTCETH-A,9858303.1,12858303.1,8/3/2021 10:48:54 AM,0.7667,2.00%,0.01058052
UNIV2USDCETH-A,5640262.34,11217109.39,8/3/2021 10:48:54 AM,0.5028,2.00%,0.10371052
UNIV2DAIUSDC-A,49774002.25,50000000.0,7/22/2021 6:39:28 PM,0.9955,0.00%,22.73789023
UNIV2ETHUSDT-A,6529.44,2006529.44,8/3/2021 10:48:54 AM,0.0033,2.00%,0.00012
UNIV2LINKETH-A,34482.38,2034482.38,8/3/2021 10:48:54 AM,0.0169,3.00%,182.0
UNIV2UNIETH-A,7999613.27,10999613.27,8/3/2021 10:48:54 AM,0.7273000000000001,2.00%,23783.0
ETH-A,1406764746.78,1506826646.78,8/3/2021 2:40:19 AM,0.9336,2.00%,1959842.0
ETH-B,31897491.96,41897491.96,8/3/2021 10:48:54 AM,0.7613,6.00%,26100.0
ETH-C,179673979.15,279673979.15,8/3/2021 10:48:54 AM,0.6424,0.50%,347725.0
BAT-A,1763827.62,2763764.6,8/3/2021 10:48:54 AM,0.6382,4.00%,10458903.0
WBTC-A,209052992.95,239052992.95,8/3/2021 10:48:54 AM,0.8745,2.00%,14790.0
ZRX-A,1410750.5,1910700.1,8/3/2021 10:48:54 AM,0.7383,4.00%,8395307.0
MANA-A,1498787.01,2498746.65,8/3/2021 10:48:54 AM,0.5998,3.00%,17497302.0
COMP-A,70101.08,2070100.44,8/3/2021 10:48:54 AM,0.0339,1.00%,850.0
LRC-A,876682.41,1376651.09,8/3/2021 10:48:54 AM,0.6368,4.00%,15284992.0
LINK-A,33875872.03,40875872.03,8/3/2021 10:48:54 AM,0.8287,1.00%,6557022.0
BAL-A,171082.42,3171080.87,8/3/2021 10:48:54 AM,0.054,1.00%,29043.0
YFI-A,38226714.96,39409135.42,8/3/2021 10:48:54 AM,0.97,1.00%,5484.0
UNI-A,2426444.79,7426444.79,8/3/2021 10:48:54 AM,0.3267,1.00%,490076.0
RENBTC-A,2801247.8,3801197.27,8/3/2021 10:48:54 AM,0.7369,2.00%,292.0
AAVE-A,1394115.31,6394115.31,8/3/2021 10:48:54 AM,0.218,1.00%,18565.0
UNIV2DAIETH-A,24677244.28,29676909.58,8/3/2021 10:48:54 AM,0.8315,1.50%,275751.0
UNIV2WBTCETH-A,9858480.94,12858303.1,8/3/2021 10:48:54 AM,0.7667,2.00%,0.01058052
UNIV2USDCETH-A,5640364.09,10640364.09,8/3/2021 10:48:54 AM,0.5301,2.00%,0.10371052
UNIV2ETHUSDT-A,6529.55,2006529.44,8/3/2021 10:48:54 AM,0.0033,2.00%,0.00012
UNIV2LINKETH-A,34483.3,2034482.38,8/3/2021 10:48:54 AM,0.0169,3.00%,182.0
UNIV2UNIETH-A,7999757.58,10999613.27,8/3/2021 10:48:54 AM,0.7273000000000001,2.00%,23783.0
ETH-A,1408070681.85,1507541217.86,8/4/2021 2:39:55 AM,0.934,2.00%,1958267.0
ETH-B,32156962.65,42156962.65,8/4/2021 2:39:55 AM,0.7628,6.00%,26208.0
ETH-C,179661970.27,279661970.27,8/4/2021 10:39:35 AM,0.6424,0.50%,347640.0
BAT-A,1763953.5,2763890.32,8/4/2021 2:39:55 AM,0.6382,4.00%,10458903.0
WBTC-A,209085375.28,239072987.07,8/4/2021 10:39:35 AM,0.8745999999999999,2.00%,14786.0
ZRX-A,1410851.19,1910800.65,8/4/2021 2:39:55 AM,0.7384000000000001,4.00%,8395307.0
MANA-A,1498867.62,2498827.16,8/4/2021 2:39:55 AM,0.5998,3.00%,17497302.0
COMP-A,70102.35,2070101.71,8/4/2021 2:39:55 AM,0.0339,1.00%,850.0
LRC-A,876744.98,1376713.58,8/4/2021 2:39:55 AM,0.6368,4.00%,15284992.0
LINK-A,33827918.31,40827918.31,8/4/2021 10:39:35 AM,0.8284999999999999,1.00%,6550287.0
BAL-A,171085.52,3171083.97,8/4/2021 2:39:55 AM,0.054,1.00%,29043.0
YFI-A,38234929.57,45227407.08,8/4/2021 10:39:35 AM,0.8454,1.00%,5483.0
UNI-A,2426488.72,7426466.67,8/4/2021 2:39:55 AM,0.3267,1.00%,490137.0
RENBTC-A,2823349.41,3823298.35,8/4/2021 2:39:55 AM,0.7384999999999999,2.00%,292.0
AAVE-A,1409460.39,6409460.39,8/4/2021 10:39:35 AM,0.2198999999999999,1.00%,18534.0
UNIV2DAIETH-A,24677912.83,29677577.27,8/4/2021 2:39:55 AM,0.8315,1.50%,275751.0
UNIV2WBTCETH-A,10051983.58,13051801.79,8/4/2021 2:39:55 AM,0.7702,2.00%,0.01073293
UNIV2USDCETH-A,5640567.33,10640465.32,8/4/2021 2:39:55 AM,0.5301,2.00%,0.10371052
UNIV2DAIUSDC-A,49815002.25,50000000.0,7/22/2021 6:39:28 PM,0.9963,0.00%,22.75754137
UNIV2ETHUSDT-A,6529.79,2006529.67,8/4/2021 2:39:55 AM,0.0033,2.00%,0.00012
UNIV2LINKETH-A,34485.16,2034484.23,8/4/2021 2:39:55 AM,0.017,3.00%,182.0
UNIV2UNIETH-A,8000045.84,10999901.15,8/4/2021 2:39:55 AM,0.7273000000000001,2.00%,23783.0
ETH-A,1408606331.89,1508180262.98,8/4/2021 6:39:28 PM,0.934,2.00%,1958073.0
ETH-B,32269472.57,42269472.57,8/4/2021 6:39:28 PM,0.7634000000000001,6.00%,26532.0
ETH-C,179676822.2,279661970.27,8/4/2021 10:39:35 AM,0.6425,0.50%,348105.0
BAT-A,1764016.7,2764016.7,8/4/2021 6:39:28 PM,0.6382,4.00%,10458903.0
WBTC-A,209189798.49,239072987.07,8/4/2021 10:39:35 AM,0.875,2.00%,14791.0
ZRX-A,1410901.74,1910901.74,8/4/2021 6:39:28 PM,0.7383,4.00%,8395307.0
MANA-A,1498908.1,2498908.1,8/4/2021 6:39:28 PM,0.5998,3.00%,17497302.0
COMP-A,70102.99,2070102.99,8/4/2021 6:39:28 PM,0.0339,1.00%,850.0
LRC-A,876776.39,1376776.39,8/4/2021 6:39:28 PM,0.6368,4.00%,15284992.0
LINK-A,33833263.73,40827918.31,8/4/2021 10:39:35 AM,0.8287,1.00%,6550173.0
BAL-A,171087.08,3171087.08,8/4/2021 6:39:28 PM,0.054,1.00%,29043.0
YFI-A,38235254.61,45227407.08,8/4/2021 10:39:35 AM,0.8454,1.00%,5482.0
UNI-A,2426510.78,7426510.78,8/4/2021 6:39:28 PM,0.3267,1.00%,490137.0
RENBTC-A,2813346.5,3823400.49,8/4/2021 6:39:28 PM,0.7358,2.00%,290.0
AAVE-A,1409473.2,6409460.39,8/4/2021 10:39:35 AM,0.2198999999999999,1.00%,18534.0
UNIV2DAIETH-A,24678248.45,29678248.45,8/4/2021 6:39:28 PM,0.8315,1.50%,275751.0
UNIV2WBTCETH-A,10052165.41,13052165.41,8/4/2021 6:39:28 PM,0.7702,2.00%,0.01073293
UNIV2USDCETH-A,5630664.15,10630664.15,8/4/2021 2:39:55 AM,0.5297,2.00%,0.10365052
UNIV2ETHUSDT-A,6529.91,2006529.91,8/4/2021 6:39:28 PM,0.0033,2.00%,0.00012
UNIV2LINKETH-A,34486.09,2034486.09,8/4/2021 6:39:28 PM,0.017,3.00%,182.0
UNIV2UNIETH-A,8000190.55,11000190.55,8/4/2021 6:39:28 PM,0.7273000000000001,2.00%,23783.0
UNIV2WBTCDAI-A,218796.33,3218796.33,8/4/2021 6:39:28 PM,0.068,0.00%,0.0091099
ETH-A,1411124914.26,1508180262.98,8/4/2021 6:39:28 PM,0.9356,2.00%,1959766.0
PSM-USDC-A,3207280153.15,4207280153.15,8/3/2021 10:48:54 AM,0.7623000000000001,0.10%,3207280153.0
ETH-A,1414157366.58,1513952222.01,8/5/2021 10:48:52 AM,0.9341,2.00%,1961000.0
ETH-B,36259883.31,46297453.7,8/5/2021 10:48:52 AM,0.7831999999999999,6.00%,28012.0
ETH-C,179996482.51,279996407.08,8/5/2021 10:01:15 AM,0.6429,0.50%,348026.0
BAT-A,1764143.86,2764143.86,8/5/2021 10:48:52 AM,0.6382,4.00%,10458903.0
WBTC-A,209081531.95,239051499.48,8/5/2021 10:48:52 AM,0.8745999999999999,2.00%,14775.0
ZRX-A,1411003.44,1911003.44,8/5/2021 10:48:52 AM,0.7384000000000001,4.00%,8395307.0
MANA-A,1498989.53,2498989.53,8/5/2021 10:48:52 AM,0.5998,3.00%,17497302.0
COMP-A,70104.27,2070104.27,8/5/2021 10:48:52 AM,0.0339,1.00%,850.0
LRC-A,876839.6,1376839.6,8/5/2021 10:48:52 AM,0.6368,4.00%,15284992.0
LINK-A,33974845.69,40974845.69,8/5/2021 10:48:52 AM,0.8292,1.00%,6557502.0
BAL-A,171090.21,3171090.21,8/5/2021 10:48:52 AM,0.054,1.00%,29043.0
YFI-A,38275954.05,45275787.2,8/5/2021 6:55:09 AM,0.8454,1.00%,5487.0
UNI-A,2447564.3,7447564.3,8/5/2021 10:48:52 AM,0.3286,1.00%,490956.0
RENBTC-A,2814448.9,3814448.9,8/4/2021 6:39:28 PM,0.7378,2.00%,290.0
AAVE-A,1447462.74,6447462.74,8/5/2021 10:48:52 AM,0.2245,1.00%,18647.0
UNIV2DAIETH-A,24678923.75,29678923.75,8/5/2021 10:48:52 AM,0.8315,1.50%,275751.0
UNIV2WBTCETH-A,10052531.27,13052531.27,8/5/2021 10:48:52 AM,0.7702,2.00%,0.01073293
UNIV2USDCETH-A,5630869.08,10630869.08,8/5/2021 10:48:52 AM,0.5297,2.00%,0.10365052
UNIV2ETHUSDT-A,6530.15,2006530.15,8/5/2021 10:48:52 AM,0.0033,2.00%,0.00012
UNIV2LINKETH-A,34487.96,2034487.96,8/5/2021 10:48:52 AM,0.017,3.00%,182.0
UNIV2UNIETH-A,8000481.72,11000481.72,8/5/2021 10:48:52 AM,0.7273000000000001,2.00%,23783.0
PSM-USDC-A,3197010512.31,4197010512.31,8/3/2021 10:48:54 AM,0.7617,0.10%,3197010512.0
ETH-A,1423895109.26,1524613524.82,8/6/2021 10:39:48 AM,0.9339,2.00%,1950552.0
ETH-B,34072709.63,44057685.97,8/5/2021 10:48:52 AM,0.7734000000000001,6.00%,27478.0
ETH-C,180289972.98,280283356.14,8/6/2021 10:39:48 AM,0.6431999999999999,0.50%,348162.0
BAT-A,1764332.62,2764332.62,8/6/2021 10:39:48 AM,0.6382,4.00%,10458903.0
WBTC-A,209348833.36,239449319.73,8/6/2021 10:39:48 AM,0.8743000000000001,2.00%,14787.0
ZRX-A,1411154.42,1911154.42,8/6/2021 10:39:48 AM,0.7384000000000001,4.00%,8395307.0
MANA-A,1499110.41,2499110.41,8/6/2021 10:39:48 AM,0.5999,3.00%,17497302.0
COMP-A,70106.17,2070106.17,8/6/2021 10:39:48 AM,0.0339,1.00%,850.0
LRC-A,876933.42,1376933.42,8/6/2021 10:39:48 AM,0.6369,4.00%,15284992.0
LINK-A,33921424.39,40921424.39,8/5/2021 10:48:52 AM,0.8289,1.00%,6533262.0
BAL-A,171094.85,3171094.85,8/6/2021 10:39:48 AM,0.054,1.00%,29043.0
YFI-A,38276993.04,45276993.04,8/6/2021 10:39:48 AM,0.8454,1.00%,5487.0
UNI-A,2459573.29,7459573.29,8/6/2021 10:39:48 AM,0.3297,1.00%,491404.0
RENBTC-A,2824601.39,3824601.39,8/6/2021 10:39:48 AM,0.7384999999999999,2.00%,291.0
AAVE-A,1468502.29,6468502.29,8/6/2021 10:39:48 AM,0.2269999999999999,1.00%,18690.0
UNIV2DAIETH-A,24679926.13,29679926.13,8/6/2021 10:39:48 AM,0.8315,1.50%,275751.0
UNIV2WBTCETH-A,10053074.34,13053074.34,8/6/2021 10:39:48 AM,0.7702,2.00%,0.01073293
UNIV2USDCETH-A,5619111.47,10617096.93,8/5/2021 10:48:52 AM,0.5293,2.00%,0.10345505
UNIV2DAIUSDC-A,49750335.33,50000000.0,7/22/2021 6:39:28 PM,0.995,0.00%,22.72534712
UNIV2ETHUSDT-A,6530.5,2006530.5,8/6/2021 10:39:48 AM,0.0033,2.00%,0.00012
UNIV2LINKETH-A,34490.74,2034490.74,8/6/2021 10:39:48 AM,0.017,3.00%,182.0
UNIV2UNIETH-A,8000913.93,11000913.93,8/6/2021 10:39:48 AM,0.7273000000000001,2.00%,23783.0
ETH-A,1436407204.48,1526534993.3,8/7/2021 2:41:45 AM,0.941,2.00%,1915720.0
ETH-B,33512472.14,44713185.22,8/7/2021 2:41:45 AM,0.7495,6.00%,26805.0
ETH-C,180947179.65,280376989.28,8/7/2021 2:41:45 AM,0.6454000000000001,0.50%,348261.0
BAT-A,1764459.08,2764459.08,8/7/2021 2:41:45 AM,0.6383,4.00%,10458903.0
WBTC-A,210308248.36,239633558.43,8/7/2021 2:41:45 AM,0.8776,2.00%,14770.0
ZRX-A,1411255.56,1911255.56,8/7/2021 2:41:45 AM,0.7384000000000001,4.00%,8395307.0
MANA-A,1499191.38,2499191.38,8/7/2021 2:41:45 AM,0.5999,3.00%,17497302.0
COMP-A,72607.46,2072607.46,8/7/2021 2:41:45 AM,0.035,1.00%,850.0
LRC-A,876996.27,1376996.27,8/7/2021 2:41:45 AM,0.6369,4.00%,15284992.0
LINK-A,34400596.76,41081239.56,8/7/2021 2:41:45 AM,0.8373999999999999,1.00%,6537524.0
BAL-A,171097.96,3171097.96,8/7/2021 2:41:45 AM,0.054,1.00%,29043.0
YFI-A,38978072.77,45277689.04,8/7/2021 2:41:45 AM,0.8609,1.00%,5566.0
UNI-A,2464054.65,7457585.09,8/6/2021 10:39:48 AM,0.3303999999999999,1.00%,490641.0
RENBTC-A,2859793.6,3824703.6,8/7/2021 2:41:45 AM,0.7476999999999999,2.00%,291.0
AAVE-A,1477987.86,6469857.51,8/7/2021 2:41:45 AM,0.2284,1.00%,18733.0
UNIV2DAIETH-A,24680597.61,29680597.61,8/7/2021 2:41:45 AM,0.8315,1.50%,275751.0
UNIV2WBTCETH-A,10053438.13,13053438.13,8/7/2021 2:41:45 AM,0.7702,2.00%,0.01073293
UNIV2USDCETH-A,4718933.81,9718933.81,8/5/2021 10:48:52 AM,0.4855,2.00%,0.10345505
UNIV2ETHUSDT-A,6530.73,2006530.73,8/7/2021 2:41:45 AM,0.0033,2.00%,0.00012
UNIV2LINKETH-A,34492.61,2034492.61,8/7/2021 2:41:45 AM,0.017,3.00%,182.0
UNIV2UNIETH-A,8001203.47,11001203.47,8/7/2021 2:41:45 AM,0.7273000000000001,2.00%,23783.0
ETH-A,1435844504.34,1537513068.27,8/7/2021 6:40:36 PM,0.9339,2.00%,1912565.0
ETH-B,37830734.1,43316780.65,8/7/2021 2:41:45 AM,0.8734000000000001,6.00%,28091.0
ETH-C,181188405.07,280908677.61,8/7/2021 4:50:05 PM,0.645,0.50%,347643.0
BAT-A,1764585.56,2764585.56,8/7/2021 6:40:36 PM,0.6383,4.00%,10458903.0
WBTC-A,209321716.89,239211384.78,8/7/2021 12:25:47 PM,0.875,2.00%,14683.0
ZRX-A,1411356.72,1911356.72,8/7/2021 6:40:36 PM,0.7384000000000001,4.00%,8395307.0
MANA-A,1499272.37,2499272.37,8/7/2021 6:40:36 PM,0.5999,3.00%,17497302.0
COMP-A,72608.78,2072608.78,8/7/2021 6:40:36 PM,0.035,1.00%,850.0
LRC-A,877059.14,1377059.14,8/7/2021 6:40:36 PM,0.6369,4.00%,15284992.0
LINK-A,34504448.19,41500533.48,8/7/2021 6:40:36 PM,0.8314,1.00%,6545553.0
BAL-A,171101.07,3171101.07,8/7/2021 6:40:36 PM,0.054,1.00%,29043.0
YFI-A,39000671.97,45978390.86,8/7/2021 6:40:36 PM,0.8482,1.00%,5566.0
UNI-A,2472825.07,7464070.63,8/7/2021 12:19:00 PM,0.3313,1.00%,490947.0
RENBTC-A,2859887.83,3859887.83,8/7/2021 6:40:36 PM,0.7409,2.00%,291.0
AAVE-A,1487016.02,6480013.77,8/7/2021 6:40:36 PM,0.2294999999999999,1.00%,18751.0
UNIV2DAIETH-A,28681351.56,29681269.2,8/7/2021 6:40:36 PM,0.9663,1.50%,275751.0
UNIV2WBTCETH-A,12053846.61,13053801.99,8/7/2021 6:40:36 PM,0.9234,2.00%,0.01073293
UNIV2USDCETH-A,3140129.42,8140129.42,8/5/2021 10:48:52 AM,0.3858,2.00%,0.05430037
UNIV2ETHUSDT-A,6530.97,2006530.97,8/7/2021 6:40:36 PM,0.0033,2.00%,0.00012
UNIV2LINKETH-A,34494.47,2034494.47,8/7/2021 6:40:36 PM,0.017,3.00%,182.0
UNIV2UNIETH-A,10001528.56,11001493.05,8/7/2021 6:40:36 PM,0.9091,2.00%,23783.0
PSM-USDC-A,3213280715.3,4213280715.3,8/8/2021 10:39:23 AM,0.7626999999999999,0.10%,3213280715
ETH-A,1442084243.33,1541644518.35,8/8/2021 10:39:23 AM,0.9354,2.00%,1911423
ETH-B,38938018.4,47853854.61,8/8/2021 2:39:30 AM,0.8137000000000001,6.00%,28404
ETH-C,196684844.29,296280683.58,8/8/2021 2:39:30 AM,0.6638,0.50%,347605
BAT-A,1764711.82,2764711.82,8/8/2021 10:39:23 AM,0.6383,4.00%,10458903
WBTC-A,209870644.86,239232432.56,8/8/2021 2:39:30 AM,0.8773000000000001,2.00%,14672
ZRX-A,1411457.71,1911457.71,8/8/2021 10:39:23 AM,0.7384000000000001,4.00%,8395307
MANA-A,1499353.22,2499353.22,8/8/2021 10:39:23 AM,0.5999,3.00%,17497302
COMP-A,72610.09,2072610.09,8/8/2021 10:39:23 AM,0.035,1.00%,850
LRC-A,877121.89,1377121.89,8/8/2021 10:39:23 AM,0.6369,4.00%,15284992
LINK-A,34519223.77,41516681.88,8/8/2021 10:39:23 AM,0.8315,1.00%,6545057
BAL-A,171104.18,3171104.18,8/8/2021 10:39:23 AM,0.054000000000000006,1.00%,29043
YFI-A,39005335.77,46005170.84,8/8/2021 6:55:46 AM,0.8478,1.00%,5566
UNI-A,2484632.61,7484610.03,8/8/2021 2:39:30 AM,0.332,1.00%,491306
RENBTC-A,2749774.62,3749774.62,8/7/2021 6:40:36 PM,0.7333,2.00%,252
AAVE-A,1542139.84,6542139.84,8/8/2021 10:39:23 AM,0.2357,1.00%,18894
UNIV2DAIETH-A,28432031.44,33432031.44,8/8/2021 10:39:23 AM,0.8504,1.50%,272309
UNIV2WBTCETH-A,12054228.55,15054228.55,8/8/2021 10:39:23 AM,0.8007,2.00%,0.01073293
UNIV2USDCETH-A,3140242.86,8140186.06,8/8/2021 2:39:30 AM,0.3858,2.00%,0.05430037
UNIV2DAIUSDC-A,49750335.33,50000000.0,7/22/2021 6:39:28 PM,0.995,0.00%,22.72534712
UNIV2ETHUSDT-A,6531.21,2006531.21,8/8/2021 10:39:23 AM,0.0033,2.00%,0.00012000
UNIV2LINKETH-A,34496.33,2034496.33,8/8/2021 10:39:23 AM,0.017,3.00%,182
UNIV2UNIETH-A,10001845.47,13001845.47,8/8/2021 10:39:23 AM,0.7693000000000001,2.00%,23783
UNIV2WBTCDAI-A,218796.33,3218796.33,8/4/2021 6:39:28 PM,0.068,0.00%,0.00910990
